{
  "track": "gt",
  "dataset": "superclevr",
  "total": 5000,
  "correct": 976,
  "accuracy": 0.1952,
  "accuracy_by_category": {
    "exist": 0.26113861386138615,
    "compare": 0.14787154592979837,
    "other": 0.12160804020100502,
    "query": 0.21434078643022358,
    "count": 0.2994652406417112
  },
  "valid_program_rate": 0.8686,
  "execution_error_rate": 0.6032,
  "failed_program_count": 657
}